<?xml version="1.0" encoding="UTF-8" standalone="yes"?>
<addon id="script.genesisresurrected.metadata" version="7.7.7" name="genesisresurrected Metadata" provider-name="NecroMancer">
	<requires>
		<import addon="xbmc.python" version="2.19.0"/>
	</requires>
	<extension point="xbmc.python.module" library="lib" />
	<extension point="xbmc.addon.metadata">
		<summary>Metadata for the genesisresurrected Addon</summary>
		<description>Metadata for genesisresurrected are maintained separately to make distribution of the the addon itself easier/faster.</description>
		<platform>all</platform>
	</extension>
</addon>
