<?xml version="1.0" encoding="UTF-8"?>
<fonts>
<fontset id="Default" idloc="31390">
		<!-- Lyrics Fonts -->
		<include>LyricsFonts</include>
		<!-- Normal Fonts -->
		<font>
			<name>fontArial15</name>
			<filename>NightmareonElmStreet.ttf</filename>
			<size>35</size>
		</font>
		<font>
			<name>font10</name>
			<filename>NightmareonElmStreet.ttf</filename>
			<size>21</size>
		</font>
		<font>
			<name>font11_compact</name>
			<filename>NightmareonElmStreet.ttf</filename>
			<size>24</size>
			<linespacing>.8</linespacing>
		</font>
		<font>
			<name>font12</name>
			<filename>NightmareonElmStreet.ttf</filename>
			<size>26</size>
		</font>
		<font>
			<name>font13</name>
			<filename>NightmareonElmStreet.ttf</filename>
			<size>30</size>
		</font>
		<font>
			<name>font13_bold</name>
			<filename>NightmareonElmStreet.ttf</filename>
			<style>bold</style>
			<size>30</size>
		</font>
		<font>
			<name>font14_textbox</name>
			<filename>NightmareonElmStreet.ttf</filename>
			<size>33</size>
			<linespacing>1.27</linespacing>
		</font>
		<font>
			<name>font14_textbox2</name>
			<filename>NightmareonElmStreet.ttf</filename>
			<size>33</size>
			<linespacing>1.1</linespacing>
		</font>
		<font>
			<name>font15_textbox</name>
			<filename>NightmareonElmStreet.ttf</filename>
			<size>35</size>
			<linespacing>1.4</linespacing>
		</font>
		<font>
			<name>font15_textbox2</name>
			<filename>NightmareonElmStreet.ttf</filename>
			<size>36</size>
			<linespacing>1.3</linespacing>
		</font>
		<font>
			<name>font14</name>
			<filename>NightmareonElmStreet.ttf</filename>
			<size>33</size>
		</font>
		<font>
			<name>font14_bold</name>
			<filename>NightmareonElmStreet.ttf</filename>
			<style>bold</style>
			<size>33</size>
		</font>
		<font>
			<name>font15</name>
			<filename>NightmareonElmStreet.ttf</filename>
			<size>35</size>
		</font>
		<font>
			<name>font15_bold</name>
			<filename>NightmareonElmStreet.ttf</filename>
			<style>bold</style>
			<size>35</size>
		</font>
		<font>
			<name>font16</name>
			<filename>NightmareonElmStreet.ttf</filename>
			<size>38</size>
		</font>
		<font>
			<name>font16_textbox</name>
			<filename>NightmareonElmStreet.ttf</filename>
			<size>38</size>
			<linespacing>1.4</linespacing>
		</font>
		<font>
			<name>font16bold_textbox</name>
			<filename>NightmareonElmStreet.ttf</filename>
			<style>bold</style>
			<size>38</size>
			<linespacing>1.4</linespacing>
		</font>
		<font>
			<name>font30</name>
			<filename>NightmareonElmStreet.ttf</filename>
			<size>45</size>
		</font>
		<font>
			<name>font48</name>
			<filename>NightmareonElmStreet.ttf</filename>
			<size>48</size>
		</font>
		<font>
			<name>font48_bold</name>
			<filename>NightmareonElmStreet.ttf</filename>
			<style>bold</style>
			<size>48</size>
		</font>
		<font>
			<name>font52_bold</name>
			<filename>NightmareonElmStreet.ttf</filename>
			<style>bold</style>
			<size>52</size>
		</font>
		<!-- LiveTV Fonts -->
		<font>
			<name>font60</name>
			<filename>NightmareonElmStreet.ttf</filename>
			<size>60</size>
		</font>
		<font>
			<name>font65</name>
			<filename>NightmareonElmStreet.ttf</filename>
			<size>65</size>
		</font>
		<font>
			<name>font24_bold</name>
			<filename>NightmareonElmStreet.ttf</filename>
			<size>24</size>
			<style>bold</style>
		</font>
		<font>
			<name>font28_bold</name>
			<filename>NightmareonElmStreet.ttf</filename>
			<size>28</size>
			<style>bold</style>
		</font>
		<font>
			<name>font11</name>
			<filename>NightmareonElmStreet.ttf</filename>
			<size>24</size>
		</font>
		<font>
			<name>font12b</name>
			<filename>NightmareonElmStreet.ttf</filename>
			<size>28</size>
		</font>
		<font>
			<name>font13b</name>
			<filename>NightmareonElmStreet.ttf</filename>
			<size>32</size>
		</font>
		<!-- Title Fonts -->
		<font>
			<name>font12_title</name>
			<filename>NightmareonElmStreet.ttf</filename>
			<style>uppercase</style>
			<size>26</size>
		</font>
		<font>
			<name>font13_title</name>
			<filename>NightmareonElmStreet.ttf</filename>
			<style>uppercase</style>
			<size>30</size>
		</font>
		<font>
			<name>font14_title</name>
			<filename>NightmareonElmStreet.ttf</filename>
			<style>uppercase</style>
			<size>33</size>
		</font>
		<font>
			<name>font15_title</name>
			<filename>NightmareonElmStreet.ttf</filename>
			<style>uppercase</style>
			<size>35</size>
		</font>
		<font>
			<name>font16_title</name>
			<filename>NightmareonElmStreet.ttf</filename>
			<style>uppercase</style>
			<size>38</size>
		</font>
		<font>
			<name>font16_title_bold</name>
			<filename>NightmareonElmStreet.ttf</filename>
			<style>uppercase bold</style>
			<size>38</size>
		</font>
		<font>
			<name>font24_title</name>
			<filename>NightmareonElmStreet.ttf</filename>
			<style>uppercase</style>
			<size>36</size>
		</font>
		<font>
			<name>font30_title</name>
			<filename>NightmareonElmStreet.ttf</filename>
			<style>uppercase</style>
			<size>45</size>
		</font>
		<font>
			<name>font30_title_bold</name>
			<filename>NightmareonElmStreet.ttf</filename>
			<style>uppercase bold</style>
			<size>45</size>
		</font>
		<font>
			<name>font48_title</name>
			<filename>NightmareonElmStreet.ttf</filename>
			<style>uppercase</style>
			<size>48</size>
		</font>
		<font>
			<name>font35_title</name>
			<filename>NightmareonElmStreet.ttf</filename>
			<style>uppercase</style>
			<size>52</size>
		</font>
		<font>
			<name>font35_title_bold</name>
			<filename>NightmareonElmStreet.ttf</filename>
			<style>uppercase bold</style>
			<size>52</size>
		</font>
		<font>
			<name>font60caps_title</name>
			<filename>NightmareonElmStreet.ttf</filename>
			<style>uppercase</style>
			<size>60</size>
		</font>
		<font>
			<name>font45caps_title</name>
			<filename>NightmareonElmStreet.ttf</filename>
			<style>uppercase</style>
			<size>68</size>
		</font>
		<font>
			<name>font100caps_title</name>
			<filename>NightmareonElmStreet.ttf</filename>
			<style>uppercase</style>
			<size>100</size>
		</font>
		<font>
			<name>font_musicviz</name>
			<filename>NightmareonElmStreet.ttf</filename>
			<size>92</size>
		</font>
		<font>
			<name>font_skinversion</name>
			<filename>NightmareonElmStreet.ttf</filename>
			<linespacing>0</linespacing>
			<size>65</size>
		</font>
		<font>
			<name>font_kodiversion</name>
			<filename>NightmareonElmStreet.ttf</filename>
			<linespacing>0</linespacing>
			<size>58</size>
		</font>
		<font>
			<name>font_MainMenu</name>
			<filename>NightmareonElmStreet.ttf</filename>
			<linespacing>0</linespacing>
			<size>80</size>
		</font>
		<font>
			<name>font_VerticalMainMenu</name>
			<filename>NightmareonElmStreet.ttf</filename>
			<size>75</size>
		</font>
		<font>
			<name>BigAssFont</name>
			<filename>NightmareonElmStreet.ttf</filename>
			<size>600</size>
		</font>
		<font>
			<name>BigAssTimeFont</name>
			<filename>NightmareonElmStreet.ttf</filename>
			<size>180</size>
			<linespacing>.8</linespacing>
		</font>
		<font>
			<name>WeatherTemp</name>
			<filename>NightmareonElmStreet.ttf</filename>
			<style>uppercase</style>
			<size>120</size>
		</font>
		<!-- Icons -->
		<include>CommonIconFonts</include>
		<!-- Misc Fonts -->
		<font>
			<name>fontCDartist</name>
			<filename>NightmareonElmStreet.ttf</filename>
			<size>45</size>
			<linespacing>.8</linespacing>
		</font>
		<font>
			<name>fontCDalbum</name>
			<filename>NightmareonElmStreet.ttf</filename>
			<size>36</size>
			<linespacing>.8</linespacing>
		</font>
	</fontset>
<fontset id="old nightmares">
		<!-- Lyrics Fonts -->
		<include>LyricsFonts</include>
		<!-- Normal Fonts -->
		<font>
			<name>fontArial15</name>
			<filename>NightmareonElmStreet2.ttf</filename>
			<size>35</size>
		</font>
		<font>
			<name>font10</name>
			<filename>NightmareonElmStreet2.ttf</filename>
			<size>21</size>
		</font>
		<font>
			<name>font11_compact</name>
			<filename>NightmareonElmStreet2.ttf</filename>
			<size>24</size>
			<linespacing>.8</linespacing>
		</font>
		<font>
			<name>font12</name>
			<filename>NightmareonElmStreet2.ttf</filename>
			<size>26</size>
		</font>
		<font>
			<name>font13</name>
			<filename>NightmareonElmStreet2.ttf</filename>
			<size>30</size>
		</font>
		<font>
			<name>font13_bold</name>
			<filename>NightmareonElmStreet2.ttf</filename>
			<style>bold</style>
			<size>30</size>
		</font>
		<font>
			<name>font14_textbox</name>
			<filename>NightmareonElmStreet2.ttf</filename>
			<size>33</size>
			<linespacing>1.27</linespacing>
		</font>
		<font>
			<name>font14_textbox2</name>
			<filename>NightmareonElmStreet2.ttf</filename>
			<size>33</size>
			<linespacing>1.1</linespacing>
		</font>
		<font>
			<name>font15_textbox</name>
			<filename>NightmareonElmStreet2.ttf</filename>
			<size>35</size>
			<linespacing>1.4</linespacing>
		</font>
		<font>
			<name>font15_textbox2</name>
			<filename>NightmareonElmStreet2.ttf</filename>
			<size>36</size>
			<linespacing>1.3</linespacing>
		</font>
		<font>
			<name>font14</name>
			<filename>NightmareonElmStreet2.ttf</filename>
			<size>33</size>
		</font>
		<font>
			<name>font14_bold</name>
			<filename>NightmareonElmStreet2.ttf</filename>
			<style>bold</style>
			<size>33</size>
		</font>
		<font>
			<name>font15</name>
			<filename>NightmareonElmStreet2.ttf</filename>
			<size>35</size>
		</font>
		<font>
			<name>font15_bold</name>
			<filename>NightmareonElmStreet2.ttf</filename>
			<style>bold</style>
			<size>35</size>
		</font>
		<font>
			<name>font16</name>
			<filename>NightmareonElmStreet2.ttf</filename>
			<size>38</size>
		</font>
		<font>
			<name>font16_textbox</name>
			<filename>NightmareonElmStreet2.ttf</filename>
			<size>38</size>
			<linespacing>1.4</linespacing>
		</font>
		<font>
			<name>font16bold_textbox</name>
			<filename>NightmareonElmStreet2.ttf</filename>
			<style>bold</style>
			<size>38</size>
			<linespacing>1.4</linespacing>
		</font>
		<font>
			<name>font30</name>
			<filename>NightmareonElmStreet2.ttf</filename>
			<size>45</size>
		</font>
		<font>
			<name>font48</name>
			<filename>NightmareonElmStreet2.ttf</filename>
			<size>48</size>
		</font>
		<font>
			<name>font48_bold</name>
			<filename>NightmareonElmStreet2.ttf</filename>
			<style>bold</style>
			<size>48</size>
		</font>
		<font>
			<name>font52_bold</name>
			<filename>NightmareonElmStreet2.ttf</filename>
			<style>bold</style>
			<size>52</size>
		</font>
		<!-- LiveTV Fonts -->
		<font>
			<name>font60</name>
			<filename>NightmareonElmStreet2.ttf</filename>
			<size>60</size>
		</font>
		<font>
			<name>font65</name>
			<filename>NightmareonElmStreet2.ttf</filename>
			<size>65</size>
		</font>
		<font>
			<name>font24_bold</name>
			<filename>NightmareonElmStreet2.ttf</filename>
			<size>24</size>
			<style>bold</style>
		</font>
		<font>
			<name>font28_bold</name>
			<filename>NightmareonElmStreet2.ttf</filename>
			<size>28</size>
			<style>bold</style>
		</font>
		<font>
			<name>font11</name>
			<filename>NightmareonElmStreet2.ttf</filename>
			<size>24</size>
		</font>
		<font>
			<name>font12b</name>
			<filename>NightmareonElmStreet2.ttf</filename>
			<size>28</size>
		</font>
		<font>
			<name>font13b</name>
			<filename>NightmareonElmStreet2.ttf</filename>
			<size>32</size>
		</font>
		<!-- Title Fonts -->
		<font>
			<name>font12_title</name>
			<filename>NightmareonElmStreet2.ttf</filename>
			<style>uppercase</style>
			<size>26</size>
		</font>
		<font>
			<name>font13_title</name>
			<filename>NightmareonElmStreet2.ttf</filename>
			<style>uppercase</style>
			<size>30</size>
		</font>
		<font>
			<name>font14_title</name>
			<filename>NightmareonElmStreet2.ttf</filename>
			<style>uppercase</style>
			<size>33</size>
		</font>
		<font>
			<name>font15_title</name>
			<filename>NightmareonElmStreet2.ttf</filename>
			<style>uppercase</style>
			<size>35</size>
		</font>
		<font>
			<name>font16_title</name>
			<filename>NightmareonElmStreet2.ttf</filename>
			<style>uppercase</style>
			<size>38</size>
		</font>
		<font>
			<name>font16_title_bold</name>
			<filename>NightmareonElmStreet2.ttf</filename>
			<style>uppercase bold</style>
			<size>38</size>
		</font>
		<font>
			<name>font24_title</name>
			<filename>NightmareonElmStreet2.ttf</filename>
			<style>uppercase</style>
			<size>36</size>
		</font>
		<font>
			<name>font30_title</name>
			<filename>NightmareonElmStreet2.ttf</filename>
			<style>uppercase</style>
			<size>45</size>
		</font>
		<font>
			<name>font30_title_bold</name>
			<filename>NightmareonElmStreet2.ttf</filename>
			<style>uppercase bold</style>
			<size>45</size>
		</font>
		<font>
			<name>font48_title</name>
			<filename>NightmareonElmStreet2.ttf</filename>
			<style>uppercase</style>
			<size>48</size>
		</font>
		<font>
			<name>font35_title</name>
			<filename>NightmareonElmStreet2.ttf</filename>
			<style>uppercase</style>
			<size>52</size>
		</font>
		<font>
			<name>font35_title_bold</name>
			<filename>NightmareonElmStreet2.ttf</filename>
			<style>uppercase bold</style>
			<size>52</size>
		</font>
		<font>
			<name>font60caps_title</name>
			<filename>NightmareonElmStreet2.ttf</filename>
			<style>uppercase</style>
			<size>60</size>
		</font>
		<font>
			<name>font45caps_title</name>
			<filename>NightmareonElmStreet2.ttf</filename>
			<style>uppercase</style>
			<size>68</size>
		</font>
		<font>
			<name>font100caps_title</name>
			<filename>NightmareonElmStreet2.ttf</filename>
			<style>uppercase</style>
			<size>100</size>
		</font>
		<font>
			<name>font_musicviz</name>
			<filename>NightmareonElmStreet2.ttf</filename>
			<size>92</size>
		</font>
		<font>
			<name>font_skinversion</name>
			<filename>NightmareonElmStreet2.ttf</filename>
			<linespacing>0</linespacing>
			<size>65</size>
		</font>
		<font>
			<name>font_kodiversion</name>
			<filename>NightmareonElmStreet2.ttf</filename>
			<linespacing>0</linespacing>
			<size>58</size>
		</font>
		<font>
			<name>font_MainMenu</name>
			<filename>NightmareonElmStreet2.ttf</filename>
			<linespacing>0</linespacing>
			<size>80</size>
		</font>
		<font>
			<name>font_VerticalMainMenu</name>
			<filename>NightmareonElmStreet2.ttf</filename>
			<size>75</size>
		</font>
		<font>
			<name>BigAssFont</name>
			<filename>NightmareonElmStreet2.ttf</filename>
			<size>600</size>
		</font>
		<font>
			<name>BigAssTimeFont</name>
			<filename>NightmareonElmStreet2.ttf</filename>
			<size>180</size>
			<linespacing>.8</linespacing>
		</font>
		<font>
			<name>WeatherTemp</name>
			<filename>NightmareonElmStreet2.ttf</filename>
			<style>uppercase</style>
			<size>120</size>
		</font>
		<!-- Icons -->
		<include>CommonIconFonts</include>
		<!-- Misc Fonts -->
		<font>
			<name>fontCDartist</name>
			<filename>NightmareonElmStreet2.ttf</filename>
			<size>45</size>
			<linespacing>.8</linespacing>
		</font>
		<font>
			<name>fontCDalbum</name>
			<filename>NightmareonElmStreet2.ttf</filename>
			<size>36</size>
			<linespacing>.8</linespacing>
		</font>
	</fontset>
</fonts>