<?xml version="1.0" encoding="UTF-8" standalone="yes"?>
<addon id="script.s_i_r.metadata" version="1.0.0" name="Still i Rise Metadata" provider-name="BoneCrusher">
	<requires>
		<import addon="xbmc.python" version="2.19.0"/>
	</requires>
	<extension point="xbmc.python.module" library="lib" />
	<extension point="xbmc.addon.metadata">
		<summary>Metadata for the Still i Rise Addon</summary>
		<description>Metadata for Still i Rise are maintained separately to make distribution of the the addon itself easier/faster.</description>
		<platform>all</platform>
	</extension>
</addon>
