<favourites>
	<favourite name="--- Basics ---" thumb="DefaultAddonVideo.png">noop</favourite>
	<favourite name="EIM - TMDb Movies" thumb="special://home/addons/script.lamentbox/icon.png">RunScript(&quot;script.lamentbox&quot;)?sf_options=fanart%3Dspecial%3A%2F%2Fhome%2Faddons%2Fscript.lamentbox%2Ffanart.jpg&amp;desc%3DEIM+-+TheMovieDb.org+Movies%26_options_sf&quot;)</favourite>
	<favourite name="EIM - TMDb TVShows" thumb="special://home/addons/script.lamentbox/icon.png">RunScript(&quot;script.lamentbox&quot;,info=list,type=tv)?sf_options=fanart%3Dspecial%3A%2F%2Fhome%2Faddons%2Fscript.lamentbox%2Ffanart.jpg&amp;desc%3DEIM+-+TheMovieDb.org+TVShows%26_options_sf&quot;)</favourite>
	<favourite name="EIM - Favourites" thumb="special://home/addons/script.lamentbox/icon.png">ActivateWindow(10025,&quot;plugin://script.lamentbox/?info=favourites&id=&amp;sf_options=fanart%3Dspecial%3A%2F%2Fhome%2Faddons%2Fscript.lamentbox%2Ffanart.jpg&amp;desc%3DEIM+-+Browse+Extended+Info+Favourites%26_options_sf&quot;,return)</favourite>
	<favourite name="EIM - Youtube Channel Browser" thumb="special://home/addons/script.lamentbox/icon.png">RunScript(&quot;script.lamentbox&quot;,info=list,type=channel)?sf_options=fanart%3Dspecial%3A%2F%2Fhome%2Faddons%2Fscript.lamentbox%2Ffanart.jpg&amp;desc%3DEIM+-+Browse+Youtube+Channels%26_options_sf&quot;)</favourite>
	<favourite name="EIM - Youtube Playlist Browser" thumb="special://home/addons/script.lamentbox/icon.png">RunScript(&quot;script.lamentbox&quot;,info=list,type=playlist)?sf_options=fanart%3Dspecial%3A%2F%2Fhome%2Faddons%2Fscript.lamentbox%2Ffanart.jpg&amp;desc%3DEIM+-+Browse+Youtube+Playlists%26_options_sf&quot;)</favourite>
	<favourite name="EIM - Youtube Channel Videos" thumb="special://home/addons/script.lamentbox/icon.png">RunScript(&quot;script.lamentbox&quot;,info=list,type=video)?sf_options=fanart%3Dspecial%3A%2F%2Fhome%2Faddons%2Fscript.lamentbox%2Ffanart.jpg&amp;desc%3DEIM+-+Browse+Youtube+Videos%26_options_sf&quot;)</favourite>
	<favourite name="EIM - Various Categories" thumb="special://home/addons/script.lamentbox/icon.png">ActivateWindow(10025,&quot;plugin://script.lamentbox/?sf_options=fanart%3Dspecial%3A%2F%2Fhome%2Faddons%2Fscript.lamentbox%2Ffanart.jpg&amp;desc%3DEIM+-+Various+categories%26_options_sf&quot;,return)</favourite>
	<favourite name="--- Needs Local Library ---" thumb="DefaultAddonLibrary.png">noop</favourite>
	<favourite name="EIM - Latest Movies (Library)" thumb="special://home/addons/script.lamentbox/icon.png">ActivateWindow(10025,&quot;plugin://script.lamentbox/?info=latestdbmovies&amp;sf_options=fanart%3Dspecial%3A%2F%2Fhome%2Faddons%2Fscript.lamentbox%2Ffanart.jpg&amp;desc%3DEIM+-+Latest+Movies+from+local+library%26_options_sf&quot;,return)</favourite>
	<favourite name="EIM - Random Movies (Library)" thumb="special://home/addons/script.lamentbox/icon.png">ActivateWindow(10025,&quot;plugin://script.lamentbox/?info=randomdbmovies&amp;sf_options=fanart%3Dspecial%3A%2F%2Fhome%2Faddons%2Fscript.lamentbox%2Ffanart.jpg&amp;desc%3DEIM+-+Random+Movies+from+local+library%26_options_sf&quot;,return)</favourite>
	<favourite name="EIM - In Progress Movies (Library)" thumb="special://home/addons/script.lamentbox/icon.png">ActivateWindow(10025,&quot;plugin://script.lamentbox/?info=inprogressdbmovies&amp;sf_options=fanart%3Dspecial%3A%2F%2Fhome%2Faddons%2Fscript.lamentbox%2Ffanart.jpg&amp;desc%3DEIM+-+In+Progress+Movies+from+local+library%26_options_sf&quot;,return)</favourite>
	<favourite name="--- Rotten Tomatoes ---" thumb="DefaultAddonVideo.png">noop</favourite>
	<favourite name="EIM - Movies In Theaters (RT)" thumb="special://home/addons/script.lamentbox/icon.png">ActivateWindow(10025,&quot;plugin://script.lamentbox/?info=intheaters&sf_options=fanart%3Dspecial%3A%2F%2Fhome%2Faddons%2Fscript.lamentbox%2Ffanart.jpg&amp;desc%3DEIM.RT+-+Movies+currently+in+Theaters%26_options_sf&quot;,return)</favourite>
	<favourite name="EIM - Current Box Office Movies (RT)" thumb="special://home/addons/script.lamentbox/icon.png">ActivateWindow(10025,&quot;plugin://script.lamentbox/?info=boxoffice&;sf_options=fanart%3Dspecial%3A%2F%2Fhome%2Faddons%2Fscript.lamentbox%2Ffanart.jpg&amp;desc%3DEIM.RT+-+Box+Office+Movies%26_options_sf&quot;,return)</favourite>
	<favourite name="EIM - Opening Movies (RT)" thumb="special://home/addons/script.lamentbox/icon.png">ActivateWindow(10025,&quot;plugin://script.lamentbox/?info=opening&sf_options=fanart%3Dspecial%3A%2F%2Fhome%2Faddons%2Fscript.lamentbox%2Ffanart.jpg&amp;desc%3DEIM.RT+-+Movies+currently+Opening%26_options_sf&quot;,return)</favourite>
	<favourite name="EIM - Movies Coming Soon (RT)" thumb="special://home/addons/script.lamentbox/icon.png">ActivateWindow(10025,&quot;plugin://script.lamentbox/?info=comingsoon&sf_options=fanart%3Dspecial%3A%2F%2Fhome%2Faddons%2Fscript.lamentbox%2Ffanart.jpg&amp;desc%3DEIM.RT+-+Movies+Coming+Soon%26_options_sf&quot;,return)</favourite>
	<favourite name="EIM - Top Rental Movies (RT)" thumb="special://home/addons/script.lamentbox/icon.png">ActivateWindow(10025,&quot;plugin://script.lamentbox/?info=toprentals&amp;sf_options=fanart%3Dspecial%3A%2F%2Fhome%2Faddons%2Fscript.lamentbox%2Ffanart.jpg&amp;desc%3DEIM.RT+-+Movies+currently+Opening%26_options_sf&quot;,return)</favourite>
	<favourite name="EIM - Current DVD Releases (RT)" thumb="special://home/addons/script.lamentbox/icon.png">ActivateWindow(10025,&quot;plugin://script.lamentbox/?info=currentdvdreleases&amp;sf_options=fanart%3Dspecial%3A%2F%2Fhome%2Faddons%2Fscript.lamentbox%2Ffanart.jpg&amp;desc%3DEIM.RT+-+Current+DVD+Releases%26_options_sf&quot;,return)</favourite>
	<favourite name="EIM - New DVD Releases (RT)" thumb="special://home/addons/script.lamentbox/icon.png">ActivateWindow(10025,&quot;plugin://script.lamentbox/?info=newdvdreleases&amp;sf_options=fanart%3Dspecial%3A%2F%2Fhome%2Faddons%2Fscript.lamentbox%2Ffanart.jpg&amp;desc%3DEIM.RT+-+New+DVD+Releases%26_options_sf&quot;,return)</favourite>
	<favourite name="EIM - Upcoming DVD Releases (RT)" thumb="special://home/addons/script.lamentbox/icon.png">ActivateWindow(10025,&quot;plugin://script.lamentbox/?info=upcomingdvds&amp;sf_options=fanart%3Dspecial%3A%2F%2Fhome%2Faddons%2Fscript.lamentbox%2Ffanart.jpg&amp;desc%3DEIM.RT+-+Upcoming+DVD+Releases%26_options_sf&quot;,return)</favourite>
	<favourite name="--- The MovieDb Movies ---" thumb="DefaultAddonVideo.png">noop</favourite>
	<favourite name="EIM - Movies in Cinemas (TMDb)" thumb="special://home/addons/script.lamentbox/icon.png">ActivateWindow(10025,&quot;plugin://script.lamentbox/?info=incinemas&amp;sf_options=fanart%3Dspecial%3A%2F%2Fhome%2Faddons%2Fscript.lamentbox%2Ffanart.jpg&amp;desc%3DEIM.TMDb+-+Movies+currently+in+Cinemass%26_options_sf&quot;,return)</favourite>
	<favourite name="EIM - Upcoming Movies (TMDb)" thumb="special://home/addons/script.lamentbox/icon.png">ActivateWindow(10025,&quot;plugin://script.lamentbox/?info=upcoming&amp;sf_options=fanart%3Dspecial%3A%2F%2Fhome%2Faddons%2Fscript.lamentbox%2Ffanart.jpg&amp;desc%3DEIM.TMDb+-+Upcoming+Movies%26_options_sf&quot;,return)</favourite>
	<favourite name="EIM - Top Rated Movies (TMDb)" thumb="special://home/addons/script.lamentbox/icon.png">ActivateWindow(10025,&quot;plugin://script.lamentbox/?info=topratedmovies&amp;sf_options=fanart%3Dspecial%3A%2F%2Fhome%2Faddons%2Fscript.lamentbox%2Ffanart.jpg&amp;desc%3DEIM.TMDb+-+Top+Rated+Movies%26_options_sf&quot;,return)</favourite>
	<favourite name="EIM - Popular Movies (TMDb)" thumb="special://home/addons/script.lamentbox/icon.png">ActivateWindow(10025,&quot;plugin://script.lamentbox/?info=popularmovies&amp;sf_options=fanart%3Dspecial%3A%2F%2Fhome%2Faddons%2Fscript.lamentbox%2Ffanart.jpg&amp;desc%3DEIM.TMDb+-+Popular+Movies%26_options_sf&quot;,return)</favourite>
	<favourite name="EIM - My Rated Movies (TMDb)" thumb="special://home/addons/script.lamentbox/icon.png">ActivateWindow(10025,&quot;plugin://script.lamentbox/?info=ratedmovies&amp;sf_options=fanart%3Dspecial%3A%2F%2Fhome%2Faddons%2Fscript.lamentbox%2Ffanart.jpg&amp;desc%3DEIM.TMDb+-+My+Rated+Movies%26_options_sf&quot;,return)</favourite>
	<favourite name="EIM - My Starred Movies (TMDb)" thumb="special://home/addons/script.lamentbox/icon.png">ActivateWindow(10025,&quot;plugin://script.lamentbox/?info=starredmovies&amp;sf_options=fanart%3Dspecial%3A%2F%2Fhome%2Faddons%2Fscript.lamentbox%2Ffanart.jpg&amp;desc%3DEIM.TMDb+-+My+Starred+Movies%26_options_sf&quot;,return)</favourite>
	<favourite name="EIM - My Account Lists (TMDb)" thumb="special://home/addons/script.lamentbox/icon.png">ActivateWindow(10025,&quot;plugin://script.lamentbox/?info=accountlists&amp;sf_options=fanart%3Dspecial%3A%2F%2Fhome%2Faddons%2Fscript.lamentbox%2Ffanart.jpg&amp;desc%3DEIM.TMDb+-+My+Account+Lists%26_options_sf&quot;,return)</favourite>
	<favourite name="EIM - My Lists Movies (TMDb)" thumb="special://home/addons/script.lamentbox/icon.png">ActivateWindow(10025,&quot;plugin://script.lamentbox/?info=lismovies&amp;sf_options=fanart%3Dspecial%3A%2F%2Fhome%2Faddons%2Fscript.lamentbox%2Ffanart.jpg&amp;desc%3DEIM.TMDb+-+My+Lists+Movies%26_options_sf&quot;,return)</favourite>
	<favourite name="--- The MovieDb TVShows ---" thumb="DefaultAddonVideo.png">noop</favourite>
	<favourite name="EIM - TVShows Airing Today (TMDb)" thumb="special://home/addons/script.lamentbox/icon.png">ActivateWindow(10025,&quot;plugin://script.lamentbox/?info=airingtodaytvshows&amp;sf_options=fanart%3Dspecial%3A%2F%2Fhome%2Faddons%2Fscript.lamentbox%2Ffanart.jpg&amp;desc%3DEIM.TMDb+-+TVShows+Airing+Today%26_options_sf&quot;,return)</favourite>
	<favourite name="EIM - On Air TVShows (TMDb)" thumb="special://home/addons/script.lamentbox/icon.png">ActivateWindow(10025,&quot;plugin://script.lamentbox/?info=onairtvshows&amp;sf_options=fanart%3Dspecial%3A%2F%2Fhome%2Faddons%2Fscript.lamentbox%2Ffanart.jpg&amp;desc%3DEIM.TMDb+-+On+Air+TVShows%26_options_sf&quot;,return)</favourite>
	<favourite name="EIM - Top Rated TVShows (TMDb)" thumb="special://home/addons/script.lamentbox/icon.png">ActivateWindow(10025,&quot;plugin://script.lamentbox/?info=topratedtvshows&amp;sf_options=fanart%3Dspecial%3A%2F%2Fhome%2Faddons%2Fscript.lamentbox%2Ffanart.jpg&amp;desc%3DEIM.TMDb+-+Top+Rated+TVShows%26_options_sf&quot;,return)</favourite>
	<favourite name="EIM - Popular TVShows (TMDb)" thumb="special://home/addons/script.lamentbox/icon.png">ActivateWindow(10025,&quot;plugin://script.lamentbox/?info=populartvshows&amp;sf_options=fanart%3Dspecial%3A%2F%2Fhome%2Faddons%2Fscript.lamentbox%2Ffanart.jpg&amp;desc%3DEIM.TMDb+-+Popular+TVShows%26_options_sf&quot;,return)</favourite>
	<favourite name="EIM - My Rated TVShows (TMDb)" thumb="special://home/addons/script.lamentbox/icon.png">ActivateWindow(10025,&quot;plugin://script.lamentbox/?info=ratedtvshows&amp;sf_options=fanart%3Dspecial%3A%2F%2Fhome%2Faddons%2Fscript.lamentbox%2Ffanart.jpg&amp;desc%3DEIM.TMDb+-+My+Rated+TVShows%26_options_sf&quot;,return)</favourite>
	<favourite name="EIM - My Starred TVShows (TMDb)" thumb="special://home/addons/script.lamentbox/icon.png">ActivateWindow(10025,&quot;plugin://script.lamentbox/?info=starredtvshows&amp;sf_options=fanart%3Dspecial%3A%2F%2Fhome%2Faddons%2Fscript.lamentbox%2Ffanart.jpg&amp;desc%3DEIM.TMDb+-+My+Starred+TVShows%26_options_sf&quot;,return)</favourite>
	<favourite name="--- Trakt ---" thumb="DefaultAddonVideo.png">noop</favourite>
	<favourite name="EIM - Trending Movies (Trakt)" thumb="special://home/addons/script.lamentbox/icon.png">ActivateWindow(10025,&quot;plugin://script.lamentbox/?info=trendingmovies&amp;sf_options=fanart%3Dspecial%3A%2F%2Fhome%2Faddons%2Fscript.lamentbox%2Ffanart.jpg&amp;desc%3DEIM.Trakt+-+Trending+Movies%26_options_sf&quot;,return)</favourite>
	<favourite name="EIM - Airing TVShows (Trakt)" thumb="special://home/addons/script.lamentbox/icon.png">ActivateWindow(10025,&quot;plugin://script.lamentbox/?info=airingshows&amp;sf_options=fanart%3Dspecial%3A%2F%2Fhome%2Faddons%2Fscript.lamentbox%2Ffanart.jpg&amp;desc%3DEIM.Trakt+-+Airing+TVShows%26_options_sf&quot;,return)</favourite>
	<favourite name="EIM - Premiering TVShows (Trakt)" thumb="special://home/addons/script.lamentbox/icon.png">ActivateWindow(10025,&quot;plugin://script.lamentbox/?info=trendingshows&amp;sf_options=fanart%3Dspecial%3A%2F%2Fhome%2Faddons%2Fscript.lamentbox%2Ffanart.jpg&amp;desc%3DEIM.Trakt+-+Trending+TVShows%26_options_sf&quot;,return)</favourite>
	<favourite name="EIM - Trending TVShows (Trakt)" thumb="special://home/addons/script.lamentbox/icon.png">ActivateWindow(10025,&quot;plugin://script.lamentbox/?info=onairtvshows&amp;sf_options=fanart%3Dspecial%3A%2F%2Fhome%2Faddons%2Fscript.lamentbox%2Ffanart.jpg&amp;desc%3DEIM.Trakt+-+On+Air+TVShows%26_options_sf&quot;,return)</favourite>
	<favourite name="--- Music ---" thumb="DefaultAddonMusic.png">noop</favourite>
	<favourite name="EIM - Top Artists" thumb="special://home/addons/script.lamentbox/icon.png">ActivateWindow(10501,&quot;plugin://script.lamentbox/?info=topartists&amp;sf_options=fanart%3Dspecial%3A%2F%2Fhome%2Faddons%2Fscript.lamentbox%2Ffanart.jpg&amp;desc%3DEIM+-+Top+Artists%26_options_sf&quot;,return)</favourite>
	<favourite name="--- Picture ---" thumb="DefaultAddonPicture.png">noop</favourite>
	<favourite name="EIM - XKCD" thumb="special://home/addons/script.lamentbox/icon.png">ActivateWindow(10002,&quot;plugin://script.lamentbox/?info=xkcd&amp;sf_options=fanart%3Dspecial%3A%2F%2Fhome%2Faddons%2Fscript.lamentbox%2Ffanart.jpg&amp;desc%3DEIM+-+XKCD+images%26_options_sf&quot;,return)</favourite>
	<favourite name="EIM - Cyanide" thumb="special://home/addons/script.lamentbox/icon.png">ActivateWindow(10002,&quot;plugin://script.lamentbox/?info=cyanide&amp;sf_options=fanart%3Dspecial%3A%2F%2Fhome%2Faddons%2Fscript.lamentbox%2Ffanart.jpg&amp;desc%3DEIM+-+Cyanide+Images%26_options_sf&quot;,return)</favourite>
	<favourite name="EIM - DailyBabes" thumb="special://home/addons/script.lamentbox/icon.png">ActivateWindow(10002,&quot;plugin://script.lamentbox/?info=dailybabes&amp;sf_options=fanart%3Dspecial%3A%2F%2Fhome%2Faddons%2Fscript.lamentbox%2Ffanart.jpg&amp;desc%3DEIM+-+DailyBabes+Images%26_options_sf&quot;,return)</favourite>
	<favourite name="EIM - DailyBabe" thumb="special://home/addons/script.lamentbox/icon.png">ActivateWindow(10002,&quot;plugin://script.lamentbox/?info=dailybabe&amp;sf_options=fanart%3Dspecial%3A%2F%2Fhome%2Faddons%2Fscript.lamentbox%2Ffanart.jpg&amp;desc%3DEIM+-+DailyBabe+Images%26_options_sf&quot;,return)</favourite>
	<favourite name="--- People ---" thumb="DefaultActor.png">noop</favourite>
	<favourite name="EIM - Popular Actors" thumb="special://home/addons/script.lamentbox/icon.png">ActivateWindow(10025,&quot;plugin://script.lamentbox/?info=popularpeople&amp;sf_options=fanart%3Dspecial%3A%2F%2Fhome%2Faddons%2Fscript.lamentbox%2Ffanart.jpg&amp;desc%3DEIM+-Popular+Actors%26_options_sf&quot;,return)</favourite>
	<favourite name="--- Needs Query ---" thumb="DefaultVideoPlugins.png">noop</favourite>
	<favourite name="EIM - Search" thumb="special://home/addons/script.lamentbox/icon.png">RunScript(&quot;script.lamentbox&quot;,info=list,mode=search,query=[%SF%])?sf_options=fanart%3Dspecial%3A%2F%2Fhome%2Faddons%2Fscript.lamentbox%2Ffanart.jpg&amp;desc%3DSearch+Extended+Info+Mod+with+query:+[%SF%]%26_options_sf&quot;)</favourite>
	<favourite name="EIM - Similar Movies (TMDb)(Dbid/IMDbid)" thumb="special://home/addons/script.lamentbox/icon.png">ActivateWindow(10025,&quot;plugin://script.lamentbox/?info=similarmovies&id=[%SF%]&amp;sf_options=fanart%3Dspecial%3A%2F%2Fhome%2Faddons%2Fscript.lamentbox%2Ffanart.jpg&amp;desc%3DEIM.TMDb+-+Similar+Movies+from+TheMovieDb%26_options_sf&quot;,return)</favourite>
	<favourite name="EIM - Similar Movies (Trakt)(Dbid/IMDbid)" thumb="special://home/addons/script.lamentbox/icon.png">ActivateWindow(10025,&quot;plugin://script.lamentbox/?info=similarmoviestrakt&id=[%SF%]&amp;sf_options=fanart%3Dspecial%3A%2F%2Fhome%2Faddons%2Fscript.lamentbox%2Ffanart.jpg&amp;desc%3DEIM.Trakt+-+Similar+Movies+from+Trakt%26_options_sf&quot;,return)</favourite>
	<favourite name="EIM - Movies in same Set (Dbid)" thumb="special://home/addons/script.lamentbox/icon.png">ActivateWindow(10025,&quot;plugin://script.lamentbox/?info=set&dbid=[%SF%]&amp;sf_options=fanart%3Dspecial%3A%2F%2Fhome%2Faddons%2Fscript.lamentbox%2Ffanart.jpg&amp;desc%3DEIM+-+Movies+in+same+set+(Only+for+movies+in+local+library)%26_options_sf&quot;,return)</favourite>
	<favourite name="EIM - Lists Containing Movie (Dbid/IMDbid/TMDbid)" thumb="special://home/addons/script.lamentbox/icon.png">ActivateWindow(10025,&quot;plugin://script.lamentbox/?info=movielists&id=[%SF%]&amp;sf_options=fanart%3Dspecial%3A%2F%2Fhome%2Faddons%2Fscript.lamentbox%2Ffanart.jpg&amp;desc%3DEIM+-+Lists+containing+Movie%26_options_sf&quot;,return)</favourite>
	<favourite name="EIM - Movie Keywords (Dbid/IMDbid/TMDbid)" thumb="special://home/addons/script.lamentbox/icon.png">ActivateWindow(10025,&quot;plugin://script.lamentbox/?info=keywords&id=[%SF%]&amp;sf_options=fanart%3Dspecial%3A%2F%2Fhome%2Faddons%2Fscript.lamentbox%2Ffanart.jpg&amp;desc%3DEIM+-+Movie+Keywords%26_options_sf&quot;,return)</favourite>
	<favourite name="EIM - Similar TVShows (TMDb)(Dbid/IMDbid/TVDbid)" thumb="special://home/addons/script.lamentbox/icon.png">ActivateWindow(10025,&quot;plugin://script.lamentbox/?info=similartvshows&id=[%SF%]&amp;sf_options=fanart%3Dspecial%3A%2F%2Fhome%2Faddons%2Fscript.lamentbox%2Ffanart.jpg&amp;desc%3DEIM.TMDb+-+Similar+TVShows+from+TheMovieDb%26_options_sf&quot;,return)</favourite></favourites>
	<favourite name="EIM - Similar TVShows (Trakt)(Dbid/IMDbid/TVDbid)" thumb="special://home/addons/script.lamentbox/icon.png">ActivateWindow(10025,&quot;plugin://script.lamentbox/?info=similartvshowstrakt&id=[%SF%]&amp;sf_options=fanart%3Dspecial%3A%2F%2Fhome%2Faddons%2Fscript.lamentbox%2Ffanart.jpg&amp;desc%3DEIM.Trakt+-+Similar+TVShows+from+Trakt%26_options_sf&quot;,return)</favourite>
	<favourite name="EIM - Studio (Id)" thumb="special://home/addons/script.lamentbox/icon.png">ActivateWindow(10025,&quot;plugin://script.lamentbox/?info=studio&id=[%SF%]&amp;sf_options=fanart%3Dspecial%3A%2F%2Fhome%2Faddons%2Fscript.lamentbox%2Ffanart.jpg&amp;desc%3DEIM+-+Search+Studio+by+id%26_options_sf&quot;,return)</favourite>
	<favourite name="EIM - Studio (Name)" thumb="special://home/addons/script.lamentbox/icon.png">ActivateWindow(10025,&quot;plugin://script.lamentbox/?info=studio&studio=[%SF%]&amp;sf_options=fanart%3Dspecial%3A%2F%2Fhome%2Faddons%2Fscript.lamentbox%2Ffanart.jpg&amp;desc%3DEIM+-+Search+Studio+by+Name%26_options_sf&quot;,return)</favourite>
	<favourite name="EIM - [%SF%] - Discography" thumb="special://home/addons/script.lamentbox/icon.png">ActivateWindow(10501,&quot;plugin://script.lamentbox/?info=discography&artistname=[%SF%]&amp;sf_options=fanart%3Dspecial%3A%2F%2Fhome%2Faddons%2Fscript.lamentbox%2Ffanart.jpg&amp;desc%3DEIM+-+[%SF%]+-Discography%26_options_sf&quot;,return)</favourite>
	<favourite name="EIM - [%SF%] - Most Loved Tracks" thumb="special://home/addons/script.lamentbox/icon.png">ActivateWindow(10501,&quot;plugin://script.lamentbox/?info=mostlovedtracks&artistname=[%SF%]&amp;sf_options=fanart%3Dspecial%3A%2F%2Fhome%2Faddons%2Fscript.lamentbox%2Ffanart.jpg&amp;desc%3DEIM+-+[%SF%]+-+Most+Loved+Tracks%26_options_sf&quot;,return)</favourite>
	<favourite name="EIM - Similar Artists in Local Library (MBid)" thumb="special://home/addons/script.lamentbox/icon.png">ActivateWindow(10501,&quot;plugin://script.lamentbox/?info=similarartistsinlibrary&artist_mbid=[%SF%]&amp;sf_options=fanart%3Dspecial%3A%2F%2Fhome%2Faddons%2Fscript.lamentbox%2Ffanart.jpg&amp;desc%3DEIM+-+Similar+Artists+in+local+library%26_options_sf&quot;,return)</favourite>
	<favourite name="EIM - Artist Events (MBid)" thumb="special://home/addons/script.lamentbox/icon.png">ActivateWindow(10501,&quot;plugin://script.lamentbox/?info=artistevents&artist_mbid=[%SF%]&amp;sf_options=fanart%3Dspecial%3A%2F%2Fhome%2Faddons%2Fscript.lamentbox%2Ffanart.jpg&amp;desc%3DEIM+-+Events+featuring+Artists+in+local+library%26_options_sf&quot;,return)</favourite>
	<favourite name="EIM - Director Movies (Name)" thumb="special://home/addons/script.lamentbox/icon.png">ActivateWindow(10025,&quot;plugin://script.lamentbox/?info=directormovies&director=[%SF%]&amp;sf_options=fanart%3Dspecial%3A%2F%2Fhome%2Faddons%2Fscript.lamentbox%2Ffanart.jpg&amp;desc%3DEIM.TMDb+-+Movies+by+Director:+[%SF%]%26_options_sf&quot;,return)</favourite>
	<favourite name="EIM - Writer Movies (Name)" thumb="special://home/addons/script.lamentbox/icon.png">ActivateWindow(10025,&quot;plugin://script.lamentbox/?info=writermovies&writer=[%SF%]&amp;sf_options=fanart%3Dspecial%3A%2F%2Fhome%2Faddons%2Fscript.lamentbox%2Ffanart.jpg&amp;desc%3DEIM.TMDb+-+Movies+by+Director:+[%SF%]%26_options_sf&quot;,return)</favourite>
	<favourite name="EIM - Movie Trailer (TMDbid)" thumb="special://home/addons/script.lamentbox/icon.png">RunScript(script.lamentbox,info=playtrailer,id=19995)sf_options=fanart%3Dspecial%3A%2F%2Fhome%2Faddons%2Fscript.lamentbox%2Ffanart.jpg&amp;desc%3DEIM+-+Extended+Info+for+Artist:+[%SF%]%26_options_sf</favourite>
	<favourite name="EIM - Movie Trailer (TMDbid)" thumb="special://home/addons/script.lamentbox/icon.png">ActivateWindow(10025,&quot;plugin://script.lamentbox/?info=playtrailer&id=[%SF%]&amp;sf_options=fanart%3Dspecial%3A%2F%2Fhome%2Faddons%2Fscript.lamentbox%2Ffanart.jpg&amp;desc%3DEIM+-+Extended+Info+for+Artist:+[%SF%]%26_options_sf&quot;,return)</favourite>
	<favourite name="EIM - Movie Trailer (IMDbid)" thumb="special://home/addons/script.lamentbox/icon.png">ActivateWindow(10025,&quot;plugin://script.lamentbox/?info=playtrailer&imdb_id=[%SF%]&amp;sf_options=fanart%3Dspecial%3A%2F%2Fhome%2Faddons%2Fscript.lamentbox%2Ffanart.jpg&amp;desc%3DEIM+-+Extended+Info+for+Artist:+[%SF%]%26_options_sf&quot;,return)</favourite>
	<favourite name="EIM - Movie Trailer (Dbid)" thumb="special://home/addons/script.lamentbox/icon.png">ActivateWindow(10025,&quot;plugin://script.lamentbox/?info=playtrailer&dbid=[%SF%]&amp;sf_options=fanart%3Dspecial%3A%2F%2Fhome%2Faddons%2Fscript.lamentbox%2Ffanart.jpg&amp;desc%3DEIM+-+Extended+Info+for+Artist:+[%SF%]%26_options_sf&quot;,return)</favourite>
	<favourite name="EIM - TVShow Trailer (TMDbid)" thumb="special://home/addons/script.lamentbox/icon.png">ActivateWindow(10025,&quot;plugin://script.lamentbox/?info=playtvtrailer&id=[%SF%]&amp;sf_options=fanart%3Dspecial%3A%2F%2Fhome%2Faddons%2Fscript.lamentbox%2Ffanart.jpg&amp;desc%3DEIM+-+Extended+Info+for+Info+for+Album:+[%SF%]%26_options_sf&quot;,return)</favourite>
	<favourite name="EIM - TVShow Trailer (TVDbid)" thumb="special://home/addons/script.lamentbox/icon.png">ActivateWindow(10025,&quot;plugin://script.lamentbox/?info=playtvtrailer&tvdb_id=[%SF%]&amp;sf_options=fanart%3Dspecial%3A%2F%2Fhome%2Faddons%2Fscript.lamentbox%2Ffanart.jpg&amp;desc%3DEIM+-+Extended+Info+for+Info+for+Album:+[%SF%]%26_options_sf&quot;,return)</favourite>
	<favourite name="EIM - TVShow Trailer (Dbid)" thumb="special://home/addons/script.lamentbox/icon.png">ActivateWindow(10025,&quot;plugin://script.lamentbox/?info=playtvtrailer&dbid=1&amp;sf_options=fanart%3Dspecial%3A%2F%2Fhome%2Faddons%2Fscript.lamentbox%2Ffanart.jpg&amp;desc%3DEIM+-+Extended+Info+for+Info+for+Album:+[%SF%]%26_options_sf&quot;,return)</favourite>
	<favourite name="EIM - Extended Artist Info (Title)" thumb="special://home/addons/script.lamentbox/icon.png">ActivateWindow(10501,&quot;plugin://script.lamentbox/?info=artistdetails&artistname=[%SF%]&amp;sf_options=fanart%3Dspecial%3A%2F%2Fhome%2Faddons%2Fscript.lamentbox%2Ffanart.jpg&amp;desc%3DEIM+-+Extended+Info+for+Artist:+[%SF%]%26_options_sf&quot;,return)</favourite>
	<favourite name="EIM - Extended Album Info (Title)" thumb="special://home/addons/script.lamentbox/icon.png">ActivateWindow(10501,&quot;plugin://script.lamentbox/?info=albumdetails&id=[%SF%]&amp;sf_options=fanart%3Dspecial%3A%2F%2Fhome%2Faddons%2Fscript.lamentbox%2Ffanart.jpg&amp;desc%3DEIM+-+Extended+Info+for+Info+for+Album:+[%SF%]%26_options_sf&quot;,return)</favourite>
	<favourite name="EIM - Extended Movie Info (Title)" thumb="special://home/addons/script.lamentbox/icon.png">ActivateWindow(10025,&quot;plugin://script.lamentbox/?info=hellraiser&name=[%SF%]&amp;sf_options=fanart%3Dspecial%3A%2F%2Fhome%2Faddons%2Fscript.lamentbox%2Ffanart.jpg&amp;desc%3DEIM+-+Extended+Info+for+Movie:+[%SF%]%26_options_sf&quot;,return)</favourite>
	<favourite name="EIM - Extended TVShow Info (Title)" thumb="special://home/addons/script.lamentbox/icon.png">ActivateWindow(10025,&quot;plugin://script.lamentbox/?info=extendedtvinfo&name=[%SF%]&amp;sf_options=fanart%3Dspecial%3A%2F%2Fhome%2Faddons%2Fscript.lamentbox%2Ffanart.jpg&amp;desc%3DEIM+-+Extended+Info+for+TVShow:+[%SF%]%26_options_sf&quot;,return)</favourite>
	<favourite name="EIM - Extended Actor Info (Title)" thumb="special://home/addons/script.lamentbox/icon.png">ActivateWindow(10002,&quot;plugin://script.lamentbox/?info=extendedactorinfo&name=[%SF%]&amp;sf_options=fanart%3Dspecial%3A%2F%2Fhome%2Faddons%2Fscript.lamentbox%2Ffanart.jpg&amp;desc%3DEIM+-+Extended+Info+for+Actor:+[%SF%]%26_options_sf&quot;,return)</favourite>
	<favourite name="EIM - Youtube Channel" thumb="special://home/addons/script.lamentbox/icon.png">ActivateWindow(10025,&quot;plugin://script.lamentbox/?info=list&type=channel&query=[%SF%]&amp;sf_options=fanart%3Dspecial%3A%2F%2Fhome%2Faddons%2Fscript.lamentbox%2Ffanart.jpg&amp;desc%3DEIM+-+Search+Youtube+for+User++with+query:+[%SF%]%26_options_sf&quot;,return)</favourite>
	<favourite name="EIM - Youtube Playlist" thumb="special://home/addons/script.lamentbox/icon.png">ActivateWindow(10025,&quot;plugin://script.lamentbox/?info=list&type=playlist&query=[%SF%]&amp;sf_options=fanart%3Dspecial%3A%2F%2Fhome%2Faddons%2Fscript.lamentbox%2Ffanart.jpg&amp;desc%3DEIM+-+Search+Youtube+for+Playlists++with+query:+[%SF%]%26_options_sf&quot;,return)</favourite>
	<favourite name="EIM - Youtube Video" thumb="special://home/addons/script.lamentbox/icon.png">ActivateWindow(10025,&quot;plugin://script.lamentbox/?info=list&type=video&query=[%SF%]&amp;sf_options=fanart%3Dspecial%3A%2F%2Fhome%2Faddons%2Fscript.lamentbox%2Ffanart.jpg&amp;desc%3DEIM+-+Search+Youtube+with+query:+[%SF%]%26_options_sf&quot;,return)</favourite>
	<favourite name="EIM - YoutubePlaylist" thumb="special://home/addons/script.lamentbox/icon.png">ActivateWindow(10025,&quot;plugin://script.lamentbox/?info=youtubeplaylist&id=[%SF%]&amp;sf_options=fanart%3Dspecial%3A%2F%2Fhome%2Faddons%2Fscript.lamentbox%2Ffanart.jpg&amp;desc%3DEIM+-+Search+Youtube+for+Playlists++with+query:+[%SF%]%26_options_sf&quot;,return)</favourite>
	<favourite name="EIM - YoutubeSearch" thumb="special://home/addons/script.lamentbox/icon.png">ActivateWindow(10025,&quot;plugin://script.lamentbox/?info=youtubesearch&id=[%SF%]&amp;sf_options=fanart%3Dspecial%3A%2F%2Fhome%2Faddons%2Fscript.lamentbox%2Ffanart.jpg&amp;desc%3DEIM+-+Search+Youtube+with+query:+[%SF%]%26_options_sf&quot;,return)</favourite>
	<favourite name="EIM - YoutubeUserSearch" thumb="special://home/addons/script.lamentbox/icon.png">ActivateWindow(10025,&quot;plugin://script.lamentbox/?info=youtubeusersearch&id=[%SF%]&amp;sf_options=fanart%3Dspecial%3A%2F%2Fhome%2Faddons%2Fscript.lamentbox%2Ffanart.jpg&amp;desc%3DEIM+-+Search+Youtube+for+User++with+query:+[%SF%]%26_options_sf&quot;,return)</favourite>
	<favourite name="EIM - Weather" thumb="special://home/addons/script.lamentbox/icon.png">ActivateWindow(10002,&quot;plugin://script.lamentbox/?info=weather&amp;sf_options=fanart%3Dspecial%3A%2F%2Fhome%2Faddons%2Fscript.lamentbox%2Ffanart.jpg&amp;desc%3DEIM+-+Browse+Extended+Info+Favourites%26_options_sf&quot;,return)</favourite>
	<favourite name="EIM - Top Artists' Near Events" thumb="special://home/addons/script.lamentbox/icon.png">ActivateWindow(10025,&quot;plugin://script.lamentbox/?info=topartistsnearevents&amp;sf_options=fanart%3Dspecial%3A%2F%2Fhome%2Faddons%2Fscript.lamentbox%2Ffanart.jpg&amp;desc%3DEIM+-+Search+for+near+events+from+Top+Artist%26_options_sf&quot;,return)</favourite>
	<favourite name="EIM - Venue Events" thumb="special://home/addons/script.lamentbox/icon.png">ActivateWindow(10025,&quot;plugin://script.lamentbox/?info=venueevents&location=[%SF%]&amp;sf_options=fanart%3Dspecial%3A%2F%2Fhome%2Faddons%2Fscript.lamentbox%2Ffanart.jpg&amp;desc%3DEIM+-+Search+[%SF%]+for+events%26_options_sf&quot;,return)</favourite>
	<favourite name="EIM - Track Info (Needs Artist & Trackname)" thumb="special://home/addons/script.lamentbox/icon.png">ActivateWindow(10025,&quot;plugin://script.lamentbox/?info=trackinfo&artistname=[%SF%]&trackname=[%SF%]&amp;sf_options=fanart%3Dspecial%3A%2F%2Fhome%2Faddons%2Fscript.lamentbox%2Ffanart.jpg&amp;desc%3DEIM+-+Search+for+info+about+track:+[%SF%]%26_options_sf&quot;,return)</favourite>
	<favourite name="EIM - Near Events" thumb="special://home/addons/script.lamentbox/icon.png">ActivateWindow(10025,&quot;plugin://script.lamentbox/?info=nearevents&location=[%SF%]&amp;sf_options=fanart%3Dspecial%3A%2F%2Fhome%2Faddons%2Fscript.lamentbox%2Ffanart.jpg&amp;desc%3DEIM+-+Search+for+events+near:+[%SF%]%26_options_sf&quot;,return)</favourite>
</favourites>